job_id,job_name,state,city,job_type,project_phase,scenario_date,planned_start_date,area_sqft,quoted_price,estimated_material_cost,estimated_labor_hours,estimated_labor_cost,estimated_equipment_cost,estimated_total_cost,estimated_margin_pct,target_margin_pct,margin_gap_pct,meets_target_margin,estimated_duration_days,site_risk_points,risk_category,risk_drivers,risk_component_detail,risk_model_version,workability_status,slope_level,access_width_ft,drainage_concern,demo_required,carry_distance_ft,crew_size,scope_approved,site_access_verified,utility_locate_status,permit_status,materials_status,crew_assigned,assumption_version,actual_labor_hours,actual_total_cost,actual_margin_pct,cost_variance,margin_variance,change_order_flag,change_order_cost,outcome_note,analysis_stage
J001,Walkway 001,RI,Pawtucket,Walkway,Preconstruction,2026-07-15,2026-07-25,198.0,7882.05,2191.27,39.6,1504.8,340.0,4036.07,0.488,0.25,0.238,Yes,1.65,55,Needs Review,High slope | Demolition required | Very long material carry,High slope=25 | Demolition required=12 | Very long material carry=18,rules-v2-illustrative,No Additional Review Flagged,High,8.3,No,Yes,119,3,Yes,No,Confirmed,Approved,Confirmed,Yes,2026-07-demo-v2,46.99,4449.17,0.436,413.1,-0.052,No,0.0,Synthetic closeout scenario,Post-job learning
J002,Walkway 002,RI,Warwick,Walkway,Preconstruction,2026-07-15,2026-07-16,251.0,9331.67,2865.79,48.0,1824.0,510.0,5199.79,0.443,0.25,0.193,Yes,3.0,55,Needs Review,High slope | Drainage concern | Long material carry,High slope=25 | Drainage concern=20 | Long material carry=10,rules-v2-illustrative,No Additional Review Flagged,High,8.4,Yes,No,74,2,Yes,No,Confirmed,Approved,Confirmed,Yes,2026-07-demo-v2,55.44,5359.94,0.426,160.15,-0.017,No,0.0,Synthetic closeout scenario,Post-job learning
J003,Paver Patio 003,MA,Newton,Paver Patio,Preconstruction,2026-07-15,2026-08-01,451.0,11107.5,5203.46,55.02,2310.84,555.0,8069.3,0.274,0.25,0.024,Yes,2.29,22,Low Risk,Medium slope | Long material carry,Medium slope=12 | Long material carry=10,rules-v2-illustrative,No Additional Review Flagged,Medium,7.9,No,No,66,3,Yes,Yes,Confirmed,Approved,Pending,Yes,2026-07-demo-v2,53.0,7860.52,0.292,-208.78,0.018,No,0.0,Synthetic closeout scenario,Post-job learning
J004,Paver Patio 004,RI,Warwick,Paver Patio,Preconstruction,2026-07-15,2026-08-01,625.0,14389.33,6438.96,62.5,2375.0,510.0,9323.96,0.352,0.25,0.102,Yes,2.6,10,Low Risk,Large job footprint,Large job footprint=10,rules-v2-illustrative,No Additional Review Flagged,Low,7.7,No,No,20,3,Yes,Yes,Confirmed,Pending,Confirmed,Yes,2026-07-demo-v2,67.16,9712.86,0.325,388.9,-0.027,No,0.0,Synthetic closeout scenario,Post-job learning
J005,Paver Patio 005,RI,Providence,Paver Patio,Preconstruction,2026-07-15,2026-07-24,313.0,6776.74,3285.81,38.19,1451.22,340.0,5077.03,0.251,0.25,0.001,Yes,1.19,22,Low Risk,Medium slope | Long material carry,Medium slope=12 | Long material carry=10,rules-v2-illustrative,No Additional Review Flagged,Medium,6.9,No,No,63,4,Yes,Yes,Not Required,Pending,Confirmed,Yes,2026-07-demo-v2,40.92,5239.57,0.227,162.54,-0.024,No,0.0,Synthetic closeout scenario,Post-job learning
J006,Paver Patio 006,MA,Boston,Paver Patio,Preconstruction,2026-07-15,2026-08-05,577.0,19371.18,6412.75,90.59,3804.78,555.0,10772.53,0.444,0.25,0.194,Yes,2.83,59,Needs Review,Narrow site access | Medium slope | Drainage concern | Demolition required,Narrow site access=15 | Medium slope=12 | Drainage concern=20 | Demolition required=12,rules-v2-illustrative,No Additional Review Flagged,Medium,5.5,Yes,Yes,54,4,Yes,No,Not Required,Not Required,Confirmed,Yes,2026-07-demo-v2,106.43,12704.45,0.344,1931.92,-0.1,Yes,1074.22,Synthetic closeout scenario,Post-job learning
J007,Paver Patio 007,MA,Boston,Paver Patio,Preconstruction,2026-07-15,2026-07-31,695.0,20955.81,7526.0,93.13,3911.46,740.0,12177.46,0.419,0.25,0.169,Yes,3.88,47,Needs Review,Narrow site access | Medium slope | Long material carry | Large job footprint,Narrow site access=15 | Medium slope=12 | Long material carry=10 | Large job footprint=10,rules-v2-illustrative,No Additional Review Flagged,Medium,4.2,No,No,74,3,Yes,Yes,Confirmed,Pending,Confirmed,Yes,2026-07-demo-v2,99.07,12691.46,0.394,514.0,-0.025,No,0.0,Synthetic closeout scenario,Post-job learning
J008,Paver Patio 008,MA,Newton,Paver Patio,Preconstruction,2026-07-15,2026-07-16,262.0,7735.18,2979.03,32.75,1375.5,370.0,4724.53,0.389,0.25,0.139,Yes,1.02,25,Low Risk,High slope,High slope=25,rules-v2-illustrative,No Additional Review Flagged,High,7.1,No,No,48,4,Yes,Yes,Confirmed,Pending,Pending,Yes,2026-07-demo-v2,37.79,5009.79,0.352,285.26,-0.037,No,0.0,Synthetic closeout scenario,Post-job learning
J009,Paver Patio 009,MA,Framingham,Paver Patio,Preconstruction,2026-07-15,2026-07-27,332.0,9312.52,3922.53,38.18,1603.56,555.0,6081.09,0.347,0.25,0.097,Yes,2.39,12,Low Risk,Demolition required,Demolition required=12,rules-v2-illustrative,No Additional Review Flagged,Low,8.8,No,Yes,49,2,Yes,Yes,Not Required,Not Required,Confirmed,No,2026-07-demo-v2,33.54,5947.54,0.361,-133.55,0.014,No,0.0,Synthetic closeout scenario,Post-job learning
J010,Paver Patio 010,MA,Quincy,Paver Patio,Preconstruction,2026-07-15,2026-07-26,201.0,4426.35,2419.73,29.95,1257.9,370.0,4047.63,0.086,0.25,-0.164,No,1.87,49,Needs Review,Narrow site access | Medium slope | Demolition required | Long material carry,Narrow site access=15 | Medium slope=12 | Demolition required=12 | Long material carry=10,rules-v2-illustrative,Review Before Approval,Medium,5.2,No,Yes,90,2,Yes,Yes,Confirmed,Not Required,Pending,Yes,2026-07-demo-v2,33.37,4346.73,0.018,299.1,-0.068,No,0.0,Synthetic closeout scenario,Post-job learning
J011,Paver Patio 011,RI,Warwick,Paver Patio,Preconstruction,2026-07-15,2026-07-21,690.0,16826.6,7317.73,97.98,3723.24,680.0,11720.97,0.303,0.25,0.053,Yes,3.06,57,Needs Review,Narrow site access | Medium slope | Drainage concern | Large job footprint,Narrow site access=15 | Medium slope=12 | Drainage concern=20 | Large job footprint=10,rules-v2-illustrative,No Additional Review Flagged,Medium,5.6,Yes,No,59,4,Yes,No,Confirmed,Approved,Confirmed,No,2026-07-demo-v2,113.66,12883.08,0.234,1162.11,-0.069,Yes,470.97,Synthetic closeout scenario,Post-job learning
J012,Walkway 012,MA,Quincy,Walkway,Preconstruction,2026-07-15,2026-07-30,164.0,5888.11,2044.08,31.77,1334.34,370.0,3748.42,0.363,0.25,0.113,Yes,1.99,57,Needs Review,Very narrow site access | Drainage concern | Demolition required,Very narrow site access=25 | Drainage concern=20 | Demolition required=12,rules-v2-illustrative,No Additional Review Flagged,Low,3.1,Yes,Yes,12,2,Yes,Yes,Confirmed,Not Required,Confirmed,Yes,2026-07-demo-v2,36.7,4361.57,0.259,613.15,-0.104,Yes,374.87,Synthetic closeout scenario,Post-job learning
J013,Walkway 013,MA,Boston,Walkway,Preconstruction,2026-07-15,2026-08-04,113.0,3542.4,1361.16,19.07,800.94,370.0,2532.1,0.285,0.25,0.035,Yes,1.19,30,Low Risk,Demolition required | Very long material carry,Demolition required=12 | Very long material carry=18,rules-v2-illustrative,No Additional Review Flagged,Low,7.6,No,Yes,134,2,Yes,Yes,Confirmed,Pending,Pending,Yes,2026-07-demo-v2,21.84,2748.09,0.224,215.99,-0.061,No,0.0,Synthetic closeout scenario,Post-job learning
J014,Paver Patio 014,RI,Pawtucket,Paver Patio,Preconstruction,2026-07-15,2026-07-27,639.0,17761.8,6714.42,73.48,2792.24,680.0,10186.66,0.426,0.25,0.176,Yes,3.06,22,Low Risk,Demolition required | Large job footprint,Demolition required=12 | Large job footprint=10,rules-v2-illustrative,No Additional Review Flagged,Low,8.8,No,Yes,53,3,Yes,Yes,Confirmed,Pending,Confirmed,No,2026-07-demo-v2,69.08,10680.58,0.399,493.92,-0.027,No,0.0,Synthetic closeout scenario,Post-job learning
J015,Paver Patio 015,MA,Boston,Paver Patio,Preconstruction,2026-07-15,2026-08-02,321.0,7835.09,3823.32,43.98,1847.16,370.0,6040.48,0.229,0.25,-0.021,No,1.83,37,Needs Review,Very narrow site access | Demolition required,Very narrow site access=25 | Demolition required=12,rules-v2-illustrative,No Additional Review Flagged,Low,3.5,No,Yes,34,3,No,Yes,Confirmed,Approved,Confirmed,Yes,2026-07-demo-v2,54.35,6694.99,0.146,654.51,-0.083,No,0.0,Synthetic closeout scenario,Post-job learning
J016,Paver Patio 016,MA,Quincy,Paver Patio,Preconstruction,2026-07-15,2026-08-02,279.0,5968.59,3279.79,36.83,1546.86,555.0,5381.65,0.098,0.25,-0.152,No,2.3,33,Needs Review,Narrow site access | Very long material carry,Narrow site access=15 | Very long material carry=18,rules-v2-illustrative,Review Before Approval,Low,5.2,No,No,113,2,Yes,Yes,Pending,Pending,Confirmed,Yes,2026-07-demo-v2,45.95,5859.57,0.018,477.92,-0.08,No,0.0,Synthetic closeout scenario,Post-job learning
J017,Walkway 017,MA,Worcester,Walkway,Preconstruction,2026-07-15,2026-08-01,107.0,3207.51,1342.26,13.38,561.96,185.0,2089.22,0.349,0.25,0.099,Yes,0.56,0,Low Risk,No scored site risk,No scored site risk=0,rules-v2-illustrative,No Additional Review Flagged,Low,8.9,No,No,51,3,Yes,Yes,Pending,Not Required,Pending,Yes,2026-07-demo-v2,12.94,2096.26,0.346,7.04,-0.003,No,0.0,Synthetic closeout scenario,Post-job learning
J018,Paver Patio 018,MA,Newton,Paver Patio,Preconstruction,2026-07-15,2026-07-22,545.0,15361.29,6165.74,71.94,3021.48,555.0,9742.22,0.366,0.25,0.116,Yes,3.0,33,Needs Review,Narrow site access | Very long material carry,Narrow site access=15 | Very long material carry=18,rules-v2-illustrative,No Additional Review Flagged,Low,4.6,No,No,105,3,Yes,No,Not Required,Pending,Confirmed,Yes,2026-07-demo-v2,83.21,10387.86,0.324,645.64,-0.042,No,0.0,Synthetic closeout scenario,Post-job learning
J019,Walkway 019,RI,Cranston,Walkway,Preconstruction,2026-07-15,2026-08-03,256.0,7736.38,2836.22,40.96,1556.48,510.0,4902.7,0.366,0.25,0.116,Yes,2.56,30,Low Risk,Drainage concern | Long material carry,Drainage concern=20 | Long material carry=10,rules-v2-illustrative,No Additional Review Flagged,Low,8.1,Yes,No,75,2,Yes,Yes,Confirmed,Not Required,Confirmed,No,2026-07-demo-v2,39.25,4800.02,0.38,-102.68,0.014,Yes,180.32,Synthetic closeout scenario,Post-job learning
J020,Walkway 020,RI,Cranston,Walkway,Preconstruction,2026-07-15,2026-07-19,240.0,5322.24,2785.99,35.4,1345.2,340.0,4471.19,0.16,0.25,-0.09,No,1.47,20,Low Risk,Drainage concern,Drainage concern=20,rules-v2-illustrative,Review Before Approval,Low,7.1,Yes,No,31,3,Yes,Yes,Not Required,Not Required,Confirmed,Yes,2026-07-demo-v2,35.71,4655.2,0.125,184.01,-0.035,No,0.0,Synthetic closeout scenario,Post-job learning
J021,Paver Patio 021,RI,Newport,Paver Patio,Preconstruction,2026-07-15,2026-08-03,248.0,5511.46,2751.34,33.48,1272.24,340.0,4363.58,0.208,0.25,-0.042,No,1.39,30,Low Risk,Demolition required | Very long material carry,Demolition required=12 | Very long material carry=18,rules-v2-illustrative,No Additional Review Flagged,Low,8.4,No,Yes,105,3,Yes,Yes,Confirmed,Approved,Pending,Yes,2026-07-demo-v2,36.4,4680.2,0.151,316.62,-0.057,No,0.0,Synthetic closeout scenario,Post-job learning
J022,Paver Patio 022,MA,Weymouth,Paver Patio,Preconstruction,2026-07-15,2026-08-04,596.0,16470.88,6846.46,78.67,3304.14,925.0,11075.6,0.328,0.25,0.078,Yes,4.92,43,Needs Review,Narrow site access | Very long material carry | Small crew for job size,Narrow site access=15 | Very long material carry=18 | Small crew for job size=10,rules-v2-illustrative,No Additional Review Flagged,Low,5.6,No,No,120,2,Yes,Yes,Pending,Not Required,Confirmed,Yes,2026-07-demo-v2,93.14,11615.47,0.295,539.87,-0.033,No,0.0,Synthetic closeout scenario,Post-job learning
J023,Paver Patio 023,RI,Cranston,Paver Patio,Preconstruction,2026-07-15,2026-08-03,348.0,11700.26,3654.9,49.76,1890.88,680.0,6225.78,0.468,0.25,0.218,Yes,3.11,45,Needs Review,High slope | Drainage concern,High slope=25 | Drainage concern=20,rules-v2-illustrative,No Additional Review Flagged,High,8.5,Yes,No,15,2,Yes,No,Pending,Not Required,Confirmed,No,2026-07-demo-v2,62.84,7171.75,0.387,945.97,-0.081,No,0.0,Synthetic closeout scenario,Post-job learning
J024,Paver Patio 024,MA,Quincy,Paver Patio,Preconstruction,2026-07-15,2026-07-17,317.0,12061.59,3647.99,50.09,2103.78,555.0,6306.77,0.477,0.25,0.227,Yes,2.09,57,Needs Review,High slope | Drainage concern | Demolition required,High slope=25 | Drainage concern=20 | Demolition required=12,rules-v2-illustrative,No Additional Review Flagged,High,7.6,Yes,Yes,30,3,Yes,No,Confirmed,Not Required,Pending,Yes,2026-07-demo-v2,57.27,6944.03,0.424,637.26,-0.053,No,0.0,Synthetic closeout scenario,Post-job learning
J025,Paver Patio 025,MA,Framingham,Paver Patio,Preconstruction,2026-07-15,2026-07-19,658.0,14147.33,7136.8,72.38,3039.96,740.0,10916.76,0.228,0.25,-0.022,No,3.02,20,Low Risk,Long material carry | Large job footprint,Long material carry=10 | Large job footprint=10,rules-v2-illustrative,No Additional Review Flagged,Low,8.2,No,No,68,3,Yes,Yes,Not Required,Not Required,Confirmed,Yes,2026-07-demo-v2,65.11,11486.07,0.188,569.31,-0.04,Yes,779.08,Synthetic closeout scenario,Post-job learning
J026,Paver Patio 026,MA,Quincy,Paver Patio,Preconstruction,2026-07-15,2026-07-29,684.0,14400.55,7405.71,68.4,2872.8,555.0,10833.51,0.248,0.25,-0.002,No,2.85,10,Low Risk,Large job footprint,Large job footprint=10,rules-v2-illustrative,No Additional Review Flagged,Low,9.9,No,No,43,3,No,Yes,Pending,Not Required,Confirmed,No,2026-07-demo-v2,67.96,10793.58,0.25,-39.93,0.002,No,0.0,Synthetic closeout scenario,Post-job learning
J027,Paver Patio 027,MA,Boston,Paver Patio,Preconstruction,2026-07-15,2026-07-28,470.0,11949.86,5189.64,62.04,2605.68,555.0,8350.32,0.301,0.25,0.051,Yes,2.58,33,Needs Review,Narrow site access | Very long material carry,Narrow site access=15 | Very long material carry=18,rules-v2-illustrative,No Additional Review Flagged,Low,4.9,No,No,112,3,Yes,Yes,Pending,Approved,Confirmed,Yes,2026-07-demo-v2,69.54,8735.82,0.269,385.5,-0.032,No,0.0,Synthetic closeout scenario,Post-job learning
J028,Paver Patio 028,MA,Quincy,Paver Patio,Preconstruction,2026-07-15,2026-07-27,308.0,8653.17,3601.34,34.5,1449.0,370.0,5420.34,0.374,0.25,0.124,Yes,1.44,12,Low Risk,Medium slope,Medium slope=12,rules-v2-illustrative,No Additional Review Flagged,Medium,7.6,No,No,54,3,Yes,Yes,Not Required,Not Required,Pending,Yes,2026-07-demo-v2,37.89,5817.72,0.328,397.38,-0.046,No,0.0,Synthetic closeout scenario,Post-job learning
J029,Paver Patio 029,MA,Quincy,Paver Patio,Preconstruction,2026-07-15,2026-07-21,636.0,15724.21,7385.92,87.13,3659.46,740.0,11785.38,0.25,0.25,0.0,Yes,3.63,47,Needs Review,Very narrow site access | Demolition required | Large job footprint,Very narrow site access=25 | Demolition required=12 | Large job footprint=10,rules-v2-illustrative,No Additional Review Flagged,Low,3.5,No,Yes,20,3,Yes,Yes,Confirmed,Not Required,Pending,Yes,2026-07-demo-v2,98.82,12679.73,0.194,894.35,-0.056,No,0.0,Synthetic closeout scenario,Post-job learning
J030,Paver Patio 030,MA,Quincy,Paver Patio,Preconstruction,2026-07-15,2026-07-30,523.0,11907.73,6176.68,65.38,2745.96,555.0,9477.64,0.204,0.25,-0.046,No,2.72,25,Low Risk,High slope,High slope=25,rules-v2-illustrative,No Additional Review Flagged,High,8.4,No,No,28,3,Yes,Yes,Pending,Approved,Confirmed,Yes,2026-07-demo-v2,72.25,10119.11,0.15,641.47,-0.054,No,0.0,Synthetic closeout scenario,Post-job learning
J031,Walkway 031,RI,Newport,Walkway,Preconstruction,2026-07-15,2026-07-25,230.0,5768.09,2512.32,37.38,1420.44,340.0,4272.76,0.259,0.25,0.009,Yes,1.56,35,Needs Review,Narrow site access | Drainage concern,Narrow site access=15 | Drainage concern=20,rules-v2-illustrative,No Additional Review Flagged,Low,5.7,Yes,No,15,3,Yes,No,Confirmed,Approved,Confirmed,Yes,2026-07-demo-v2,38.52,4334.54,0.249,61.78,-0.01,No,0.0,Synthetic closeout scenario,Post-job learning
J032,Paver Patio 032,MA,Framingham,Paver Patio,Preconstruction,2026-07-15,2026-07-17,461.0,12542.43,5257.06,56.24,2362.08,555.0,8174.14,0.348,0.25,0.098,Yes,2.34,22,Low Risk,Medium slope | Long material carry,Medium slope=12 | Long material carry=10,rules-v2-illustrative,No Additional Review Flagged,Medium,7.5,No,No,89,3,Yes,No,Confirmed,Not Required,Pending,Yes,2026-07-demo-v2,52.65,8066.27,0.357,-107.87,0.009,No,0.0,Synthetic closeout scenario,Post-job learning
J033,Walkway 033,RI,Warwick,Walkway,Preconstruction,2026-07-15,2026-07-29,239.0,6374.44,2639.49,39.44,1498.72,510.0,4648.21,0.271,0.25,0.021,Yes,2.46,35,Needs Review,Very narrow site access | Long material carry,Very narrow site access=25 | Long material carry=10,rules-v2-illustrative,No Additional Review Flagged,Low,3.7,No,No,91,2,Yes,Yes,Not Required,Pending,Confirmed,Yes,2026-07-demo-v2,47.67,5047.68,0.208,399.47,-0.063,No,0.0,Synthetic closeout scenario,Post-job learning
J034,Paver Patio 034,MA,Braintree,Paver Patio,Preconstruction,2026-07-15,2026-07-31,338.0,10037.2,4085.63,41.24,1732.08,370.0,6187.71,0.384,0.25,0.134,Yes,1.29,22,Low Risk,Medium slope | Long material carry,Medium slope=12 | Long material carry=10,rules-v2-illustrative,No Additional Review Flagged,Medium,6.3,No,No,76,4,No,Yes,Not Required,Pending,Confirmed,Yes,2026-07-demo-v2,33.82,5602.07,0.442,-585.64,0.058,No,0.0,Synthetic closeout scenario,Post-job learning
J035,Paver Patio 035,RI,Providence,Paver Patio,Preconstruction,2026-07-15,2026-07-26,742.0,19487.66,7920.02,118.72,4511.36,680.0,13111.38,0.327,0.25,0.077,Yes,3.71,73,High Risk,Very narrow site access | Drainage concern | Very long material carry | Large job footprint,Very narrow site access=25 | Drainage concern=20 | Very long material carry=18 | Large job footprint=10,rules-v2-illustrative,Review Before Approval,Low,3.9,Yes,No,135,4,No,Yes,Not Required,Approved,Confirmed,Yes,2026-07-demo-v2,141.32,15701.63,0.194,2590.25,-0.133,Yes,1314.3,Synthetic closeout scenario,Post-job learning
J036,Paver Patio 036,RI,Cranston,Paver Patio,Preconstruction,2026-07-15,2026-08-03,649.0,16328.54,6648.3,64.9,2466.2,510.0,9624.5,0.411,0.25,0.161,Yes,2.7,10,Low Risk,Large job footprint,Large job footprint=10,rules-v2-illustrative,No Additional Review Flagged,Low,7.7,No,No,11,3,Yes,Yes,Pending,Not Required,Confirmed,Yes,2026-07-demo-v2,51.96,8910.29,0.454,-714.21,0.043,No,0.0,Synthetic closeout scenario,Post-job learning
J037,Paver Patio 037,MA,Boston,Paver Patio,Preconstruction,2026-07-15,2026-07-22,196.0,4587.01,2373.71,23.52,987.84,185.0,3546.55,0.227,0.25,-0.023,No,0.98,18,Low Risk,Very long material carry,Very long material carry=18,rules-v2-illustrative,No Additional Review Flagged,Low,9.0,No,No,127,3,Yes,No,Confirmed,Approved,Confirmed,Yes,2026-07-demo-v2,27.29,3693.25,0.195,146.7,-0.032,No,0.0,Synthetic closeout scenario,Post-job learning
J038,Paver Patio 038,RI,Cranston,Paver Patio,Preconstruction,2026-07-15,2026-07-24,750.0,18590.02,7655.02,84.0,3192.0,510.0,11357.02,0.389,0.25,0.139,Yes,2.62,22,Low Risk,Medium slope | Large job footprint,Medium slope=12 | Large job footprint=10,rules-v2-illustrative,No Additional Review Flagged,Medium,10.0,No,No,17,4,Yes,Yes,Confirmed,Approved,Confirmed,Yes,2026-07-demo-v2,80.27,11507.5,0.381,150.48,-0.008,No,0.0,Synthetic closeout scenario,Post-job learning
J039,Paver Patio 039,MA,Worcester,Paver Patio,Preconstruction,2026-07-15,2026-07-22,376.0,10006.0,4472.88,51.51,2163.42,370.0,7006.3,0.3,0.25,0.05,Yes,1.61,37,Needs Review,Narrow site access | Demolition required | Long material carry,Narrow site access=15 | Demolition required=12 | Long material carry=10,rules-v2-illustrative,No Additional Review Flagged,Low,5.0,No,Yes,82,4,Yes,Yes,Pending,Approved,Confirmed,Yes,2026-07-demo-v2,51.37,7306.58,0.27,300.28,-0.03,No,0.0,Synthetic closeout scenario,Post-job learning
J040,Paver Patio 040,MA,Braintree,Paver Patio,Preconstruction,2026-07-15,2026-07-30,679.0,13938.95,7702.11,82.84,3479.28,555.0,11736.39,0.158,0.25,-0.092,No,2.59,32,Needs Review,Medium slope | Long material carry | Large job footprint,Medium slope=12 | Long material carry=10 | Large job footprint=10,rules-v2-illustrative,Review Before Approval,Medium,6.1,No,No,86,4,Yes,Yes,Pending,Approved,Confirmed,No,2026-07-demo-v2,91.7,12380.06,0.112,643.67,-0.046,No,0.0,Synthetic closeout scenario,Post-job learning
J041,Paver Patio 041,MA,Worcester,Paver Patio,Preconstruction,2026-07-15,2026-07-26,427.0,10165.24,4794.99,55.51,2331.42,555.0,7681.41,0.244,0.25,-0.006,No,2.31,35,Needs Review,Narrow site access | Drainage concern,Narrow site access=15 | Drainage concern=20,rules-v2-illustrative,No Additional Review Flagged,Low,4.7,Yes,No,44,3,Yes,Yes,Confirmed,Not Required,Confirmed,Yes,2026-07-demo-v2,53.45,8017.91,0.211,336.5,-0.033,Yes,541.52,Synthetic closeout scenario,Post-job learning
J042,Paver Patio 042,MA,Quincy,Paver Patio,Preconstruction,2026-07-15,2026-07-25,417.0,12406.81,5004.83,52.12,2189.04,555.0,7748.87,0.375,0.25,0.125,Yes,2.17,22,Low Risk,Demolition required | Long material carry,Demolition required=12 | Long material carry=10,rules-v2-illustrative,No Additional Review Flagged,Low,6.6,No,Yes,63,3,Yes,Yes,Confirmed,Pending,Confirmed,Yes,2026-07-demo-v2,53.3,8120.96,0.345,372.09,-0.03,No,0.0,Synthetic closeout scenario,Post-job learning
J043,Paver Patio 043,MA,Quincy,Paver Patio,Preconstruction,2026-07-15,2026-07-16,711.0,16772.14,8036.8,99.54,4180.68,1295.0,13512.48,0.194,0.25,-0.056,No,6.22,65,High Risk,Very narrow site access | Drainage concern | Large job footprint | Small crew for job size,Very narrow site access=25 | Drainage concern=20 | Large job footprint=10 | Small crew for job size=10,rules-v2-illustrative,Review Before Approval,Low,3.3,Yes,No,21,2,Yes,Yes,Confirmed,Not Required,Confirmed,No,2026-07-demo-v2,100.63,15358.79,0.084,1846.31,-0.11,Yes,1475.59,Synthetic closeout scenario,Post-job learning
J044,Paver Patio 044,MA,Quincy,Paver Patio,Preconstruction,2026-07-15,2026-07-28,667.0,18159.65,7505.88,96.05,4034.1,555.0,12094.98,0.334,0.25,0.084,Yes,3.0,55,Needs Review,Narrow site access | Medium slope | Very long material carry | Large job footprint,Narrow site access=15 | Medium slope=12 | Very long material carry=18 | Large job footprint=10,rules-v2-illustrative,No Additional Review Flagged,Medium,4.8,No,No,135,4,Yes,Yes,Not Required,Not Required,Confirmed,Yes,2026-07-demo-v2,120.73,13794.36,0.24,1699.38,-0.094,No,0.0,Synthetic closeout scenario,Post-job learning
J045,Paver Patio 045,MA,Framingham,Paver Patio,Preconstruction,2026-07-15,2026-07-22,224.0,5653.84,2545.26,26.88,1128.96,185.0,3859.22,0.317,0.25,0.067,Yes,0.84,18,Low Risk,Very long material carry,Very long material carry=18,rules-v2-illustrative,No Additional Review Flagged,Low,8.1,No,No,117,4,Yes,Yes,Pending,Approved,Confirmed,No,2026-07-demo-v2,32.16,4218.86,0.254,359.64,-0.063,No,0.0,Synthetic closeout scenario,Post-job learning
J046,Walkway 046,MA,Worcester,Walkway,Preconstruction,2026-07-15,2026-07-21,84.0,3018.56,1029.94,13.12,551.04,185.0,1765.98,0.415,0.25,0.165,Yes,0.82,25,Low Risk,High slope,High slope=25,rules-v2-illustrative,No Additional Review Flagged,High,9.2,No,No,33,2,Yes,Yes,Not Required,Approved,Confirmed,Yes,2026-07-demo-v2,15.67,1905.61,0.369,139.63,-0.046,No,0.0,Synthetic closeout scenario,Post-job learning
J047,Paver Patio 047,RI,Newport,Paver Patio,Preconstruction,2026-07-15,2026-08-05,324.0,8085.29,3552.58,42.77,1625.26,340.0,5517.84,0.318,0.25,0.068,Yes,1.78,30,Low Risk,Medium slope | Very long material carry,Medium slope=12 | Very long material carry=18,rules-v2-illustrative,No Additional Review Flagged,Medium,8.1,No,No,103,3,Yes,Yes,Pending,Pending,Confirmed,No,2026-07-demo-v2,50.09,5912.8,0.269,394.96,-0.049,No,0.0,Synthetic closeout scenario,Post-job learning
J048,Paver Patio 048,MA,Quincy,Paver Patio,Preconstruction,2026-07-15,2026-07-25,569.0,17142.29,6413.13,65.43,2748.06,555.0,9716.19,0.433,0.25,0.183,Yes,2.73,12,Low Risk,Demolition required,Demolition required=12,rules-v2-illustrative,No Additional Review Flagged,Low,9.0,No,Yes,54,3,Yes,Yes,Not Required,Not Required,Pending,Yes,2026-07-demo-v2,65.89,9835.34,0.426,119.15,-0.007,No,0.0,Synthetic closeout scenario,Post-job learning
J049,Walkway 049,MA,Framingham,Walkway,Preconstruction,2026-07-15,2026-07-23,324.0,11634.63,3669.32,55.89,2347.38,555.0,6571.7,0.435,0.25,0.185,Yes,2.33,38,Needs Review,Drainage concern | Very long material carry,Drainage concern=20 | Very long material carry=18,rules-v2-illustrative,No Additional Review Flagged,Low,8.2,Yes,No,138,3,Yes,Yes,Pending,Not Required,Confirmed,Yes,2026-07-demo-v2,61.17,6826.83,0.413,255.13,-0.022,No,0.0,Synthetic closeout scenario,Post-job learning
J050,Paver Patio 050,RI,Cranston,Paver Patio,Preconstruction,2026-07-15,2026-08-05,447.0,8960.03,4887.53,56.77,2157.26,680.0,7724.79,0.138,0.25,-0.112,No,3.55,37,Needs Review,Narrow site access | Demolition required | Small crew for job size,Narrow site access=15 | Demolition required=12 | Small crew for job size=10,rules-v2-illustrative,Review Before Approval,Low,4.1,No,Yes,13,2,Yes,No,Confirmed,Approved,Confirmed,Yes,2026-07-demo-v2,69.94,8519.04,0.049,794.25,-0.089,No,0.0,Synthetic closeout scenario,Post-job learning
J051,Paver Patio 051,MA,Boston,Paver Patio,Preconstruction,2026-07-15,2026-07-22,328.0,11705.12,4011.15,47.56,1997.52,370.0,6378.67,0.455,0.25,0.205,Yes,1.98,44,Needs Review,Medium slope | Drainage concern | Demolition required,Medium slope=12 | Drainage concern=20 | Demolition required=12,rules-v2-illustrative,No Additional Review Flagged,Medium,6.5,Yes,Yes,27,3,No,No,Not Required,Not Required,Confirmed,Yes,2026-07-demo-v2,47.55,6961.27,0.405,582.6,-0.05,Yes,733.92,Synthetic closeout scenario,Post-job learning
J052,Paver Patio 052,MA,Quincy,Paver Patio,Preconstruction,2026-07-15,2026-08-02,495.0,16564.75,5803.19,71.77,3014.34,555.0,9372.53,0.434,0.25,0.184,Yes,2.99,47,Needs Review,Narrow site access | Drainage concern | Demolition required,Narrow site access=15 | Drainage concern=20 | Demolition required=12,rules-v2-illustrative,No Additional Review Flagged,Low,4.2,Yes,Yes,23,3,Yes,Yes,Confirmed,Not Required,Confirmed,Yes,2026-07-demo-v2,83.19,9731.28,0.413,358.75,-0.021,No,0.0,Synthetic closeout scenario,Post-job learning
J053,Walkway 053,RI,Cranston,Walkway,Preconstruction,2026-07-15,2026-07-21,112.0,3946.49,1232.41,17.36,659.68,170.0,2062.09,0.477,0.25,0.227,Yes,0.72,27,Low Risk,Narrow site access | Medium slope,Narrow site access=15 | Medium slope=12,rules-v2-illustrative,No Additional Review Flagged,Medium,4.3,No,No,34,3,No,Yes,Pending,Approved,Confirmed,Yes,2026-07-demo-v2,16.82,2016.54,0.489,-45.55,0.012,No,0.0,Synthetic closeout scenario,Post-job learning
J054,Walkway 054,RI,Providence,Walkway,Preconstruction,2026-07-15,2026-07-18,320.0,9033.59,3559.3,46.0,1748.0,340.0,5647.3,0.375,0.25,0.125,Yes,1.44,12,Low Risk,Demolition required,Demolition required=12,rules-v2-illustrative,No Additional Review Flagged,Low,6.8,No,Yes,56,4,No,Yes,Pending,Approved,Confirmed,Yes,2026-07-demo-v2,48.87,6044.02,0.331,396.72,-0.044,No,0.0,Synthetic closeout scenario,Post-job learning
J055,Paver Patio 055,MA,Quincy,Paver Patio,Preconstruction,2026-07-15,2026-08-02,703.0,18615.87,7973.21,82.95,3483.9,740.0,12197.11,0.345,0.25,0.095,Yes,3.46,30,Low Risk,Drainage concern | Large job footprint,Drainage concern=20 | Large job footprint=10,rules-v2-illustrative,No Additional Review Flagged,Low,6.7,Yes,No,28,3,Yes,No,Confirmed,Approved,Confirmed,Yes,2026-07-demo-v2,71.3,11344.51,0.391,-852.6,0.046,No,0.0,Synthetic closeout scenario,Post-job learning
J056,Walkway 056,MA,Weymouth,Walkway,Preconstruction,2026-07-15,2026-07-21,283.0,8707.44,3403.95,41.74,1753.08,555.0,5712.03,0.344,0.25,0.094,Yes,2.61,20,Low Risk,Drainage concern,Drainage concern=20,rules-v2-illustrative,No Additional Review Flagged,Low,7.5,Yes,No,46,2,Yes,Yes,Pending,Pending,Pending,Yes,2026-07-demo-v2,46.28,6024.96,0.308,312.93,-0.036,No,0.0,Synthetic closeout scenario,Post-job learning
J057,Paver Patio 057,RI,Pawtucket,Paver Patio,Preconstruction,2026-07-15,2026-08-02,443.0,12937.71,4800.76,77.52,2945.76,850.0,8596.52,0.336,0.25,0.086,Yes,4.84,88,High Risk,Narrow site access | High slope | Drainage concern | Very long material carry | Small crew for job size,Narrow site access=15 | High slope=25 | Drainage concern=20 | Very long material carry=18 | Small crew for job size=10,rules-v2-illustrative,Site Review Required,High,5.4,Yes,No,138,2,No,Yes,Not Required,Not Required,Confirmed,Yes,2026-07-demo-v2,102.61,9959.0,0.23,1362.48,-0.106,No,0.0,Synthetic closeout scenario,Post-job learning
J058,Walkway 058,RI,Pawtucket,Walkway,Preconstruction,2026-07-15,2026-07-29,179.0,5000.12,2011.03,25.06,952.28,340.0,3303.31,0.339,0.25,0.089,Yes,1.04,12,Low Risk,Medium slope,Medium slope=12,rules-v2-illustrative,No Additional Review Flagged,Medium,6.6,No,No,34,3,Yes,Yes,Confirmed,Not Required,Confirmed,Yes,2026-07-demo-v2,22.84,3297.36,0.341,-5.95,0.002,No,0.0,Synthetic closeout scenario,Post-job learning
J059,Paver Patio 059,MA,Worcester,Paver Patio,Preconstruction,2026-07-15,2026-07-18,366.0,11226.85,4491.7,56.0,2352.0,740.0,7583.7,0.325,0.25,0.075,Yes,3.5,60,Needs Review,Drainage concern | Demolition required | Very long material carry | Small crew for job size,Drainage concern=20 | Demolition required=12 | Very long material carry=18 | Small crew for job size=10,rules-v2-illustrative,Review Before Approval,Low,7.7,Yes,Yes,109,2,No,Yes,Pending,Not Required,Pending,Yes,2026-07-demo-v2,53.9,7743.16,0.31,159.46,-0.015,No,0.0,Synthetic closeout scenario,Post-job learning
J060,Paver Patio 060,MA,Braintree,Paver Patio,Preconstruction,2026-07-15,2026-07-28,537.0,11825.62,6199.43,82.7,3473.4,740.0,10412.83,0.119,0.25,-0.131,No,3.45,55,Needs Review,Very narrow site access | Medium slope | Very long material carry,Very narrow site access=25 | Medium slope=12 | Very long material carry=18,rules-v2-illustrative,Review Before Approval,Medium,3.2,No,No,135,3,Yes,Yes,Pending,Pending,Confirmed,Yes,2026-07-demo-v2,90.43,10831.89,0.084,419.06,-0.035,No,0.0,Synthetic closeout scenario,Post-job learning
